experiment_id,parent_experiment_id,config_hash,date,status,stage,hypothesis_id,hypothesis,model,expected_reason,baseline_model,changed_elements,fixed_elements,model_type,feature_changes,parameter_changes,data_split,seed,leakage_risk,expected_cost,runtime_seconds,season_briers,mean_brier,weighted_mean_brier,bss,auc,logloss,calibration,champion_improvement,result_file,conclusion,rejection_reason,next_recommendation
exp_20260811_002533_baseline_logistic_smoke,,7563ae869ed7c9475d28b54f570af173c2aeb2af5a74d7c390301b5c7197e4a5,2026-08-11T00:25:42+09:00,completed,smoke,baseline_logistic,로지스틱 회귀 기준선,logistic,자동화와 지표의 저비용 재현 기준,deployable_train_mean,baseline_logistic,"rolling splits, test feature order",logistic,baseline_logistic,catalog config,"[""fold_2022"", ""fold_2023"", ""fold_2024""]",42,low,low,8.53200000000652,"{""2022"": 0.49433970382752507, ""2023"": 0.5097832120195709, ""2024"": 0.4933774986889}",0.49916680484533194,0.49849165371582627,-0.9396364286778245,0.507464090598931,6.222826224657989,"{""2022"": 0.48179943428514904, ""2023"": 0.5091182012972048, ""2024"": 0.4919693597161653}",,E:\LG_Aimers\automation\runs\20260811_002528_smoke\experiments\exp_20260811_002533_baseline_logistic_smoke\result.json,smoke pipeline passed,,quick는 baseline 대비 임계 개선 확인 후 rolling 승격
exp_20260811_002659_baseline_logistic_smoke,,4167dd8902afb601591e4eb40c990504aa0b69899606e11074a6226f6891cd6d,2026-08-11T00:27:07+09:00,completed,smoke,baseline_logistic,로지스틱 회귀 기준선,logistic,자동화와 지표의 저비용 재현 기준,deployable_train_mean,baseline_logistic,"rolling splits, test feature order",logistic,baseline_logistic,catalog config,"[""fold_2022"", ""fold_2023"", ""fold_2024""]",42,low,low,8.172000000020489,"{""2022"": 0.49433970382752507, ""2023"": 0.5097832120195709, ""2024"": 0.4933774986889}",0.49916680484533194,0.49849165371582627,-0.9396364286778245,0.507464090598931,6.222826224657989,"{""2022"": 0.48179943428514904, ""2023"": 0.5091182012972048, ""2024"": 0.4919693597161653}",,E:\LG_Aimers\automation\runs\20260811_002654_smoke\experiments\exp_20260811_002659_baseline_logistic_smoke\result.json,smoke pipeline passed,,quick는 baseline 대비 임계 개선 확인 후 rolling 승격
exp_20260811_003921_catboost_rolling_smoke,,9fdd69ab18f2991e9234d1834e076ba60c9b0fee4b33429f8d6c57794c96197f,2026-08-11T00:39:36+09:00,completed,smoke,catboost_rolling,CatBoost 기준선 rolling validation,catboost,690.69 리더보드 기록과 rolling 성능을 분리 확인해야 함,deployable_train_mean,catboost_rolling,"rolling splits, test feature order",catboost,catboost_rolling,catalog config,"[""fold_2022"", ""fold_2023"", ""fold_2024""]",42,low,high,15.344000000040978,"{""2022"": 0.24991045344704255, ""2023"": 0.2506129384617266, ""2024"": 0.25015973678628795}",0.250227709565019,0.25024584062107047,0.026290721267650752,0.4869517954356997,0.6936025317115933,"{""2022"": 0.0353245949626253, ""2023"": 0.0324609683224143, ""2024"": 0.007198780051260404}",,E:\LG_Aimers\automation\runs\20260811_003919_research\experiments\exp_20260811_003921_catboost_rolling_smoke\result.json,smoke pipeline passed,,quick는 baseline 대비 임계 개선 확인 후 rolling 승격
exp_20260811_003937_catboost_rolling_quick,,9bff9ad89e908075763787273724789fca1f0dee2fa20591e6841a6094ac72b0,2026-08-11T00:42:34+09:00,completed,quick,catboost_rolling,CatBoost 기준선 rolling validation,catboost,690.69 리더보드 기록과 rolling 성능을 분리 확인해야 함,deployable_train_mean,catboost_rolling,"rolling splits, test feature order",catboost,catboost_rolling,catalog config,"[""fold_2024""]",42,low,high,176.7970000000205,"{""2024"": 0.24811880353133575}",0.24811880353133575,0.24811880353133575,0.014913122889153807,0.5470351628565927,0.6893712946574982,"{""2024"": 0.009649417421330459}",,E:\LG_Aimers\automation\runs\20260811_003919_research\experiments\exp_20260811_003937_catboost_rolling_quick\result.json,evaluation completed,,quick는 baseline 대비 임계 개선 확인 후 rolling 승격
exp_20260811_004235_catboost_rolling_rolling,,d002bb622820e5a297e0be3b06c4667a35869056bb7dacf2b340197e2b760979,2026-08-11T00:50:10+09:00,completed,rolling,catboost_rolling,CatBoost 기준선 rolling validation,catboost,690.69 리더보드 기록과 rolling 성능을 분리 확인해야 함,deployable_train_mean,catboost_rolling,"rolling splits, test feature order",catboost,catboost_rolling,catalog config,"[""fold_2022"", ""fold_2023"", ""fold_2024""]",42,low,high,455.2030000000959,"{""2022"": 0.2433858523679564, ""2023"": 0.2499722702649088, ""2024"": 0.24811880353133575}",0.24715897538806697,0.2477282533187318,0.014137178174738918,0.5491113862598996,0.6873412711768002,"{""2022"": 0.005159250909068451, ""2023"": 0.017376868378981235, ""2024"": 0.009649417421330459}",,E:\LG_Aimers\automation\runs\20260811_003919_research\experiments\exp_20260811_004235_catboost_rolling_rolling\result.json,evaluation completed,,quick는 baseline 대비 임계 개선 확인 후 rolling 승격
exp_20260811_010408_lightgbm_rolling_smoke,,d5b1d786c2bd8da08056d1ccc00d46d431def30b2dbe13b05b6c302eca8952a8,2026-08-11T01:04:24+09:00,completed,smoke,lightgbm_rolling,LightGBM 기준선 rolling validation,lightgbm,가장 강한 로컬 후보를 동일 rolling split과 다중 seed로 재현,deployable_train_mean,lightgbm_rolling,"rolling splits, test feature order",lightgbm,lightgbm_rolling,catalog config,"[""fold_2022"", ""fold_2023"", ""fold_2024""]","[42, 2026, 3407]",low,medium,15.827999999979511,"{""2022"": 0.2581840036386946, ""2023"": 0.25832555365284326, ""2024"": 0.2562847263531406}",0.2575980945482262,0.2572768300001622,-0.0010669346282443648,0.5254654959112028,0.7085277456767121,"{""2022"": 0.10258523790553115, ""2023"": 0.09674175321525169, ""2024"": 0.07584417403770904}",,E:\LG_Aimers\automation\runs\20260811_010357_smoke\experiments\exp_20260811_010408_lightgbm_rolling_smoke\result.json,smoke pipeline passed,,quick는 baseline 대비 임계 개선 확인 후 rolling 승격
exp_20260811_012221_lightgbm_rolling_quick,,f02505bcd0d6ddc6f828327e08383833572101a4115e420c7ef7bbd0dc297199,2026-08-11T01:23:20+09:00,completed,quick,lightgbm_rolling,LightGBM 기준선 rolling validation,lightgbm,가장 강한 로컬 후보를 동일 rolling split과 다중 seed로 재현,deployable_train_mean,lightgbm_rolling,"rolling splits, test feature order",lightgbm,lightgbm_rolling,catalog config,"[""fold_2024""]","[42, 2026, 3407]",low,medium,58.578000000095926,"{""2024"": 0.24819828180301037}",0.24819828180301037,0.24819828180301037,0.01459757646007298,0.5463427287226249,0.6895318808478633,"{""2024"": 0.01104123761861822}",,E:\LG_Aimers\automation\runs\20260811_012219_research\experiments\exp_20260811_012221_lightgbm_rolling_quick\result.json,evaluation completed,,quick는 baseline 대비 임계 개선 확인 후 rolling 승격
exp_20260811_013059_lightgbm_rolling_rolling,,f31e662bca24fa616781306af7f0ef8d6ada6349630c8095833aac36c1dc3184,2026-08-11T01:33:21+09:00,completed,rolling,lightgbm_rolling,LightGBM 기준선 rolling validation,lightgbm,가장 강한 로컬 후보를 동일 rolling split과 다중 seed로 재현,deployable_train_mean,lightgbm_rolling,"rolling splits, test feature order",lightgbm,lightgbm_rolling,catalog config,"[""fold_2022"", ""fold_2023"", ""fold_2024""]","[42, 2026, 3407]",low,medium,142.48400000005495,"{""2022"": 0.2435263506897574, ""2023"": 0.2511070743076812, ""2024"": 0.24819828180301037}",0.247610568933483,0.24813653333176103,0.01251238132436927,0.549917363474922,0.6882601390286233,"{""2022"": 0.004380984025202735, ""2023"": 0.03393878199178129, ""2024"": 0.01104123761861822}",,E:\LG_Aimers\automation\runs\20260811_013057_research\experiments\exp_20260811_013059_lightgbm_rolling_rolling\result.json,evaluation completed,,quick는 baseline 대비 임계 개선 확인 후 rolling 승격
exp_20260811_013537_baseline_logistic_quick,,8bfc5bda640e25751c009836f4de586d88554c282690b808b33f693604bc6942,2026-08-11T01:36:20+09:00,completed,quick,baseline_logistic,로지스틱 회귀 기준선,logistic,자동화와 지표의 저비용 재현 기준,deployable_train_mean,baseline_logistic,"rolling splits, test feature order",logistic,baseline_logistic,catalog config,"[""fold_2024""]",[42],low,low,42.125,"{""2024"": 0.24962131029995627}",0.24962131029995627,0.24962131029995627,0.008947836584879854,0.5306827762433035,0.6924173344258777,"{""2024"": 0.009975578463549276}",,E:\LG_Aimers\automation\runs\20260811_013535_research\experiments\exp_20260811_013537_baseline_logistic_quick\result.json,evaluation completed,,quick는 baseline 대비 임계 개선 확인 후 rolling 승격
exp_20260811_013621_baseline_logistic_rolling,,fd02cf03e19f582f7b8d0874d10fd3438e241ffa02376ac0645440014f4bf780,2026-08-11T01:37:28+09:00,completed,rolling,baseline_logistic,로지스틱 회귀 기준선,logistic,자동화와 지표의 저비용 재현 기준,deployable_train_mean,baseline_logistic,"rolling splits, test feature order",logistic,baseline_logistic,catalog config,"[""fold_2022"", ""fold_2023"", ""fold_2024""]",[42],low,low,67.46900000004098,"{""2022"": 0.24405141753615128, ""2023"": 0.2516138357092771, ""2024"": 0.24962131029995627}",0.24842885451512822,0.2491050893699915,0.008657902167656939,0.5435041947054277,0.690013542809826,"{""2022"": 0.005815365813848691, ""2023"": 0.01638091630030997, ""2024"": 0.009975578463549276}",,E:\LG_Aimers\automation\runs\20260811_013535_research\experiments\exp_20260811_013621_baseline_logistic_rolling\result.json,evaluation completed,,quick는 baseline 대비 임계 개선 확인 후 rolling 승격
exp_20260811_013730_baseline_constant_smoke,,20a7445305615afb5faef7762e0b22ac8cd0003805de29895d2da9bcd31c837b,2026-08-11T01:37:35+09:00,completed,smoke,baseline_constant,학습 구간 평균 상수 기준선,constant,배포 시점에 알 수 있는 train target mean 기준,deployable_train_mean,baseline_constant,"rolling splits, test feature order",constant,baseline_constant,catalog config,"[""fold_2022"", ""fold_2023"", ""fold_2024""]",[42],low,very_low,5.344000000040978,"{""2022"": 0.260419, ""2023"": 0.25815400000000005, ""2024"": 0.25494525}",0.2578394166666667,0.25700262500000004,0.0,0.5,0.70899096434295,"{""2022"": 0.10675000000000001, ""2023"": 0.09175, ""2024"": 0.07050000000000001}",,E:\LG_Aimers\automation\runs\20260811_013535_research\experiments\exp_20260811_013730_baseline_constant_smoke\result.json,smoke pipeline passed,,quick는 baseline 대비 임계 개선 확인 후 rolling 승격
exp_20260811_013806_baseline_constant_quick,,c13a383ca8bb9e513c8a982a55adc2201f0c56cbe3d56060c66b78b9b920ae5f,2026-08-11T01:38:15+09:00,completed,quick,baseline_constant,학습 구간 평균 상수 기준선,constant,배포 시점에 알 수 있는 train target mean 기준,deployable_train_mean,baseline_constant,"rolling splits, test feature order",constant,baseline_constant,catalog config,"[""fold_2024""]",[42],low,very_low,8.343999999924563,"{""2024"": 0.25187504706086583}",0.25187504706086583,0.25187504706086583,0.0,0.5,0.6969036043721831,"{""2024"": 0.04547659072619431}",,E:\LG_Aimers\automation\runs\20260811_013805_research\experiments\exp_20260811_013806_baseline_constant_quick\result.json,evaluation completed,,quick는 baseline 대비 임계 개선 확인 후 rolling 승격
exp_20260811_013816_baseline_previous_season_smoke,,5786715db19fcd34ec1b50b8b79ea38ffd5edfd1bfc449037aa6d6334f46ac84,2026-08-11T01:38:21+09:00,completed,smoke,baseline_previous_season,직전 시즌 평균 확률 기준선,previous_season_constant,각 validation보다 과거인 가장 최근 시즌 target rate만 사용,deployable_train_mean,baseline_previous_season,"rolling splits, test feature order",previous_season_constant,baseline_previous_season,catalog config,"[""fold_2022"", ""fold_2023"", ""fold_2024""]",[42],low,very_low,5.327999999979511,"{""2022"": 0.260419, ""2023"": 0.25815400000000005, ""2024"": 0.25494525}",0.2578394166666667,0.25700262500000004,0.0,0.5,0.70899096434295,"{""2022"": 0.10675000000000001, ""2023"": 0.09175, ""2024"": 0.07050000000000001}",,E:\LG_Aimers\automation\runs\20260811_013805_research\experiments\exp_20260811_013816_baseline_previous_season_smoke\result.json,smoke pipeline passed,,quick는 baseline 대비 임계 개선 확인 후 rolling 승격
exp_20260811_013821_baseline_previous_season_quick,,2b7028051011857b34426989a86c6bc794c90fdaea98ac6f9876bd3dd6f7282e,2026-08-11T01:38:30+09:00,completed,quick,baseline_previous_season,직전 시즌 평균 확률 기준선,previous_season_constant,각 validation보다 과거인 가장 최근 시즌 target rate만 사용,deployable_train_mean,baseline_previous_season,"rolling splits, test feature order",previous_season_constant,baseline_previous_season,catalog config,"[""fold_2024""]",[42],low,very_low,8.297000000020489,"{""2024"": 0.24999881336874671}",0.24999881336874671,0.24999881336874671,0.007449065375919162,0.5,0.6931448072974332,"{""2024"": 0.013852314317786274}",,E:\LG_Aimers\automation\runs\20260811_013805_research\experiments\exp_20260811_013821_baseline_previous_season_quick\result.json,evaluation completed,,quick는 baseline 대비 임계 개선 확인 후 rolling 승격
exp_20260811_014841_lightgbm_seed_ensemble_smoke,,fba07025ae173e96205a7f2d9b4f2e94a9dd9b3ad0a3442f03890cbb94896e81,2026-08-11T01:48:57+09:00,completed,smoke,lightgbm_seed_ensemble,LightGBM seed ensemble,lightgbm,단일 seed Brier 평균과 seed 예측 평균 앙상블을 분리 검증,deployable_train_mean,lightgbm_seed_ensemble,"rolling splits, test feature order",lightgbm,lightgbm_seed_ensemble,catalog config,"[""fold_2022"", ""fold_2023"", ""fold_2024""]","[42, 2026, 3407]",low,high,16.04700000002049,"{""2022"": 0.25587109828359106, ""2023"": 0.2528350146059796, ""2024"": 0.25047865532987357}",0.25306158940648144,0.2522640517034489,-0.00031331459281291885,0.506462201604795,0.699299974629057,"{""2022"": 0.08389666807291407, ""2023"": 0.0531049068300834, ""2024"": 0.02003158126883131}",,E:\LG_Aimers\automation\runs\20260811_014832_smoke\experiments\exp_20260811_014841_lightgbm_seed_ensemble_smoke\result.json,smoke pipeline passed,,quick는 baseline 대비 임계 개선 확인 후 rolling 승격
exp_20260811_014922_catboost_seed_ensemble_smoke,,28f0e2b5d12380bcdb29df4273743dbae8329216eee9c1f7739fe19b159d3487,2026-08-11T01:49:50+09:00,completed,smoke,catboost_seed_ensemble,CatBoost seed ensemble,catboost,기존 690.69의 3-seed 평균 방식 재확인,deployable_train_mean,catboost_seed_ensemble,"rolling splits, test feature order",catboost,catboost_seed_ensemble,catalog config,"[""fold_2022"", ""fold_2023"", ""fold_2024""]","[42, 2026, 3407]",low,very_high,28.530999999959022,"{""2022"": 0.24974736286905108, ""2023"": 0.24960577716303825, ""2024"": 0.2496705698338161}",0.2496745699553018,0.24966649063962976,0.00998690416630188,0.5445277311111392,0.6924960183516484,"{""2022"": 0.03987301316245381, ""2023"": 0.019284233050580638, ""2024"": 0.020988875773677914}",,E:\LG_Aimers\automation\runs\20260811_014912_smoke\experiments\exp_20260811_014922_catboost_seed_ensemble_smoke\result.json,smoke pipeline passed,,quick는 baseline 대비 임계 개선 확인 후 rolling 승격
exp_20260811_015015_drop_season_smoke,,184c4b9ff7f1d7cc4713dacf97f8b8fdf9a0827704584fd041ed65e9b756802e,2026-08-11T01:50:35+09:00,completed,smoke,drop_season,season 피처 제거,catboost,동일 CatBoost 설정에서 season 의존성만 제거,deployable_train_mean,drop_season,"rolling splits, test feature order",catboost,drop_season,catalog config,"[""fold_2022"", ""fold_2023"", ""fold_2024""]",[42],low,high,20.10999999998603,"{""2022"": 0.24987320048410844, ""2023"": 0.24958977780416305, ""2024"": 0.2501916143036205}",0.24988486419729736,0.24994738058988086,0.00887307936536752,0.5285309974481868,0.6929193539707904,"{""2022"": 0.03928977132784542, ""2023"": 0.015160308408718109, ""2024"": 0.012365374817570808}",,E:\LG_Aimers\automation\runs\20260811_015004_smoke\experiments\exp_20260811_015015_drop_season_smoke\result.json,smoke pipeline passed,,quick는 baseline 대비 임계 개선 확인 후 rolling 승격
exp_20260811_015059_drop_drift_top_smoke,,72feb76668098e51c36c50cbe7f77ebf1c19b058e37baaaa355f4e508863c411,2026-08-11T01:51:13+09:00,completed,smoke,drop_drift_top,학습기간 PSI 상위 피처 제거,lightgbm,각 fold의 학습 시즌 내부 드리프트만으로 상위 5개 피처 제거,deployable_train_mean,drop_drift_top,"rolling splits, test feature order",lightgbm,drop_drift_top,catalog config,"[""fold_2022"", ""fold_2023"", ""fold_2024""]","[42, 2026, 3407]",low,medium,14.327999999979511,"{""2022"": 0.254954589181389, ""2023"": 0.25247241678548993, ""2024"": 0.25011594952879285}",0.25251431849855727,0.2517906176363212,0.0015640135390859733,0.5214880680526778,0.6981948144642214,"{""2022"": 0.08239077059208208, ""2023"": 0.05351658073335319, ""2024"": 0.020345211291302734}",,E:\LG_Aimers\automation\runs\20260811_015049_smoke\experiments\exp_20260811_015059_drop_drift_top_smoke\result.json,smoke pipeline passed,,quick는 baseline 대비 임계 개선 확인 후 rolling 승격
exp_20260811_015134_oof_weighted_blend_smoke,,8bf031f2478bd6e8498324e99cb30b7530c470424302db52823da45f5126cabd,2026-08-11T01:51:49+09:00,completed,smoke,oof_weighted_blend,CatBoost와 LightGBM 과거 OOF 가중 앙상블,oof_blend,이전 rolling fold OOF만으로 다음 fold 비음수 가중치 선택,deployable_train_mean,oof_weighted_blend,"rolling splits, test feature order",oof_blend,oof_weighted_blend,catalog config,"[""fold_2022"", ""fold_2023"", ""fold_2024""]",[42],low,high,15.406000000075437,"{""2022"": 0.25235943112951476, ""2023"": 0.25012570535002854, ""2024"": 0.2496963783309503}",0.25072717160349783,0.25035778699638667,0.007245677482103807,0.5224169032424376,0.694603843858791,"{""2022"": 0.06244091847922295, ""2023"": 0.017209512811026943, ""2024"": 0.005089484029603899}",,E:\LG_Aimers\automation\runs\20260811_015126_smoke\experiments\exp_20260811_015134_oof_weighted_blend_smoke\result.json,smoke pipeline passed,,quick는 baseline 대비 임계 개선 확인 후 rolling 승격
exp_20260811_025517_recent_two_seasons_smoke,,df1ed4552125a0ca4d740e840220e2080128a2fdba4b2776af48ed323d8c2b94,2026-08-11T02:55:29+09:00,completed,smoke,recent_two_seasons,최근 2개 시즌만 학습,catboost,오래된 시즌 분포 영향 제거,deployable_train_mean,recent_two_seasons,"rolling splits, test feature order",catboost,recent_two_seasons,catalog config,"[""fold_2022"", ""fold_2023"", ""fold_2024""]",[42],low,medium,11.937000000034459,"{""2022"": 0.24996037378523828, ""2023"": 0.24969777465512988, ""2024"": 0.24976036814580524}",0.24980617219539114,0.24978159122648924,0.00833049394482499,0.5299089633804139,0.6927628337870674,"{""2022"": 0.03568276320010196, ""2023"": 0.029836241585379668, ""2024"": 0.014034576323464394}",,E:\LG_Aimers\automation\runs\20260811_025514_smoke\experiments\exp_20260811_025517_recent_two_seasons_smoke\result.json,smoke pipeline passed,,quick는 baseline 대비 임계 개선 확인 후 rolling 승격
exp_20260811_102133_recent_two_seasons_quick,,febf3292729b19d51534e2d223500915e290ef992ad834d1633382bce7c897a7,2026-08-11T10:22:54+09:00,completed,quick,recent_two_seasons,최근 2개 시즌만 학습,catboost,오래된 시즌 분포 영향 제거,deployable_train_mean,recent_two_seasons,"rolling splits, test feature order",catboost,recent_two_seasons,catalog config,"[""fold_2024""]",[42],low,medium,81.70299999997951,"{""2024"": 0.2482743157686926}",0.2482743157686926,0.2482743157686926,0.009331783880836886,0.5445004228753172,0.6896855498402393,"{""2024"": 0.008829276837961092}",,E:\LG_Aimers\automation\runs\20260811_102130_research\experiments\exp_20260811_102133_recent_two_seasons_quick\result.json,evaluation completed,,quick는 baseline 대비 임계 개선 확인 후 rolling 승격
exp_20260811_102345_lightgbm_seed_ensemble_quick,,fb2a5f42d029359240ac7073648840e1f26be93391cb9596b66260a57953de35,2026-08-11T10:25:09+09:00,completed,quick,lightgbm_seed_ensemble,LightGBM seed ensemble,lightgbm,단일 seed Brier 평균과 seed 예측 평균 앙상블을 분리 검증,deployable_train_mean,lightgbm_seed_ensemble,"rolling splits, test feature order",lightgbm,lightgbm_seed_ensemble,catalog config,"[""fold_2024""]","[42, 2026, 3407]",low,high,83.96900000004098,"{""2024"": 0.24819828180301037}",0.24819828180301037,0.24819828180301037,0.01459757646007298,0.5463427287226249,0.6895318808478633,"{""2024"": 0.01104123761861822}",,E:\LG_Aimers\automation\runs\20260811_102343_research\experiments\exp_20260811_102345_lightgbm_seed_ensemble_quick\result.json,evaluation completed,,quick는 baseline 대비 임계 개선 확인 후 rolling 승격
exp_20260811_102521_catboost_seed_ensemble_quick,,2b3892d0681372bbea005b358dc448ed43b328acb2613377f2b14021d0563b49,2026-08-11T10:35:12+09:00,failed,quick,catboost_seed_ensemble,CatBoost seed ensemble,catboost,,,,,catboost,,,,,low,,,,,,,,,,,E:\LG_Aimers\automation\runs\20260811_102520_research\experiments\exp_20260811_102521_catboost_seed_ensemble_quick\error.json,,CatBoost 학습 전 가용 메모리 하한 미달,
exp_20260811_103631_catboost_seed_ensemble_quick,,2b3892d0681372bbea005b358dc448ed43b328acb2613377f2b14021d0563b49,2026-08-11T10:50:12+09:00,completed,quick,catboost_seed_ensemble,CatBoost seed ensemble,catboost,기존 690.69의 3-seed 평균 방식 재확인,deployable_train_mean,catboost_seed_ensemble,"rolling splits, test feature order",catboost,catboost_seed_ensemble,catalog config,"[""fold_2024""]","[42, 2026, 3407]",low,very_high,820.6720000000205,"{""2024"": 0.2480521360616702}",0.2480521360616702,0.2480521360616702,0.015177807582788527,0.5479232303735886,0.6892375208618498,"{""2024"": 0.009255370531638628}",,E:\LG_Aimers\automation\runs\20260811_103629_research\experiments\exp_20260811_103631_catboost_seed_ensemble_quick\result.json,evaluation completed,,quick는 baseline 대비 임계 개선 확인 후 rolling 승격
exp_20260811_105029_drop_season_quick,,3bea235863126de013357a8d1982549f66c6393ba918100fa07a2164eff73848,2026-08-11T10:54:31+09:00,completed,quick,drop_season,season 피처 제거,catboost,동일 CatBoost 설정에서 season 의존성만 제거,deployable_train_mean,drop_season,"rolling splits, test feature order",catboost,drop_season,catalog config,"[""fold_2024""]",[42],low,high,241.10900000005495,"{""2024"": 0.24918405483320188}",0.24918405483320188,0.24918405483320188,0.01068383811364082,0.5394963096295063,0.6915407833202678,"{""2024"": 0.0181809832650193}",,E:\LG_Aimers\automation\runs\20260811_105027_research\experiments\exp_20260811_105029_drop_season_quick\result.json,evaluation completed,,quick는 baseline 대비 임계 개선 확인 후 rolling 승격
exp_20260811_105446_drop_drift_top_quick,,d80c4429d6c03db2db245df0a72e08189455963eab32ed30fa5c6521a046e6f2,2026-08-11T10:56:11+09:00,completed,quick,drop_drift_top,학습기간 PSI 상위 피처 제거,lightgbm,각 fold의 학습 시즌 내부 드리프트만으로 상위 5개 피처 제거,deployable_train_mean,drop_drift_top,"rolling splits, test feature order",lightgbm,drop_drift_top,catalog config,"[""fold_2024""]","[42, 2026, 3407]",low,medium,85.43799999996554,"{""2024"": 0.24829546289276908}",0.24829546289276908,0.24829546289276908,0.01421174590284735,0.5448445285892527,0.6897272795183523,"{""2024"": 0.010711344129522694}",,E:\LG_Aimers\automation\runs\20260811_105444_research\experiments\exp_20260811_105446_drop_drift_top_quick\result.json,evaluation completed,,quick는 baseline 대비 임계 개선 확인 후 rolling 승격
exp_20260811_105629_oof_weighted_blend_quick,,b8368e21c1d19c3b2594abbe129b9101d267497872499156179bbe97effca706,2026-08-11T11:01:51+09:00,completed,quick,oof_weighted_blend,CatBoost와 LightGBM 과거 OOF 가중 앙상블,oof_blend,이전 rolling fold OOF만으로 다음 fold 비음수 가중치 선택,deployable_train_mean,oof_weighted_blend,"rolling splits, test feature order",oof_blend,oof_weighted_blend,catalog config,"[""fold_2024""]",[42],low,high,322.25,"{""2024"": 0.24810175300499826}",0.24810175300499826,0.24810175300499826,0.014980817273875346,0.5473663268139815,0.68933713380749,"{""2024"": 0.010175327989137058}",,E:\LG_Aimers\automation\runs\20260811_105627_research\experiments\exp_20260811_105629_oof_weighted_blend_quick\result.json,evaluation completed,,quick는 baseline 대비 임계 개선 확인 후 rolling 승격
exp_20260811_110221_baseline_constant_benchmark,,33b4a04f3492ecd67eedd05f325d238e298027dbe1682677c321a827dec10a5f,2026-08-11T11:02:40+09:00,completed,benchmark,baseline_constant,학습 구간 평균 상수 기준선,constant,배포 시점에 알 수 있는 train target mean 기준,deployable_train_mean,baseline_constant,"rolling splits, test feature order",constant,baseline_constant,catalog config,"[""fold_2022"", ""fold_2023"", ""fold_2024""]",[42],low,very_low,19.015999999945052,"{""2022"": 0.24936587062859672, ""2023"": 0.2515665167378201, ""2024"": 0.25187504706086583}",0.2509358114757609,0.2512806526774983,0.0,0.5,0.6950246846870592,"{""2022"": 0.014221908531382166, ""2023"": 0.03957926940594331, ""2024"": 0.04547659072619431}",,E:\LG_Aimers\automation\runs\20260811_110220_research\experiments\exp_20260811_110221_baseline_constant_benchmark\result.json,evaluation completed,,quick는 baseline 대비 임계 개선 확인 후 rolling 승격
exp_20260811_110253_baseline_previous_season_benchmark,,db11bf24435d2351b8309f77c3b1f55e9e0681b449128c54d48c8ec91c750a1b,2026-08-11T11:03:11+09:00,completed,benchmark,baseline_previous_season,직전 시즌 평균 확률 기준선,previous_season_constant,각 validation보다 과거인 가장 최근 시즌 target rate만 사용,deployable_train_mean,baseline_previous_season,"rolling splits, test feature order",previous_season_constant,baseline_previous_season,catalog config,"[""fold_2022"", ""fold_2023"", ""fold_2024""]",[42],low,very_low,18.34299999999348,"{""2022"": 0.2491783624847056, ""2023"": 0.25083886564827773, ""2024"": 0.24999881336874671}",0.2500053471672434,0.2500867388757978,0.004751316064244615,0.5,0.6931585394118075,"{""2022"": 0.0038411636757493817, ""2023"": 0.0289632090274185, ""2024"": 0.013852314317786274}",,E:\LG_Aimers\automation\runs\20260811_110251_research\experiments\exp_20260811_110253_baseline_previous_season_benchmark\result.json,evaluation completed,,quick는 baseline 대비 임계 개선 확인 후 rolling 승격
exp_20260811_114611_recent_season_weight_smoke,,0f9b27ba9cae0e22f1bd65ebce43f75ae0a1426d8b08c91d69dc57b3a0419a8d,2026-08-11T11:46:23+09:00,completed,smoke,recent_season_weight,최근 시즌 sample weight,catboost,각 fold의 가장 최근 학습 시즌에 사전 고정 2.0배 가중치를 주어 오래된 분포 영향을 완화,deployable_train_mean,recent_season_weight,"rolling splits, test feature order",catboost,recent_season_weight,catalog config,"[""fold_2022"", ""fold_2023"", ""fold_2024""]",[42],low,high,11.125,"{""2022"": 0.24959123256622195, ""2023"": 0.24994609853816677, ""2024"": 0.24917614363122398}",0.24957115824520423,0.2494901478903064,0.010686163529215142,0.5352200894518204,0.6922882041890959,"{""2022"": 0.03395283966534981, ""2023"": 0.02589196623092712, ""2024"": 0.023514306491827536}",,E:\LG_Aimers\automation\runs\20260811_114610_research\experiments\exp_20260811_114611_recent_season_weight_smoke\result.json,smoke pipeline passed,,quick는 baseline 대비 임계 개선 확인 후 rolling 승격
exp_20260811_114649_recent_season_weight_quick,,358a055b895bf9246a87536b5c1bc2c7d0e549e8f8952b81f2dc8f666803b66a,2026-08-11T11:50:06+09:00,completed,quick,recent_season_weight,최근 시즌 sample weight,catboost,각 fold의 가장 최근 학습 시즌에 사전 고정 2.0배 가중치를 주어 오래된 분포 영향을 완화,deployable_train_mean,recent_season_weight,"rolling splits, test feature order",catboost,recent_season_weight,catalog config,"[""fold_2024""]",[42],low,high,197.04699999990407,"{""2024"": 0.24809284487675642}",0.24809284487675642,0.24809284487675642,0.015016184525795562,0.5468226339463123,0.6893192462192466,"{""2024"": 0.007845278502465526}",,E:\LG_Aimers\automation\runs\20260811_114648_research\experiments\exp_20260811_114649_recent_season_weight_quick\result.json,evaluation completed,,quick는 baseline 대비 임계 개선 확인 후 rolling 승격
exp_20260811_115432_drop_player_ids_smoke,,b16acc41789172b51e93adee0576a8d4977be3b05f253b6c9e3877a44982fb43,2026-08-11T11:54:45+09:00,completed,smoke,drop_player_ids,원본 선수 ID 제거,catboost,pitcher_id와 batter_id만 제거해 고카디널리티 ID 과적합을 완화,deployable_train_mean,drop_player_ids,"rolling splits, test feature order",catboost,drop_player_ids,catalog config,"[""fold_2022"", ""fold_2023"", ""fold_2024""]",[42],low,high,13.516000000061467,"{""2022"": 0.24995605372327837, ""2023"": 0.24998837908351312, ""2024"": 0.24987884589882095}",0.2499410929018708,0.2499271474191201,0.008953310813216597,0.521026254113948,0.6930298576611748,"{""2022"": 0.032072837324238754, ""2023"": 0.011973476036239748, ""2024"": 0.010595555612005382}",,E:\LG_Aimers\automation\runs\20260811_115425_smoke\experiments\exp_20260811_115432_drop_player_ids_smoke\result.json,smoke pipeline passed,,quick는 baseline 대비 임계 개선 확인 후 rolling 승격
exp_20260811_115508_drop_player_ids_quick,,b33b47ec1d86427ea8215cefd38250faf1a099c99517c40b87da413b68bf2283,2026-08-11T11:59:04+09:00,completed,quick,drop_player_ids,원본 선수 ID 제거,catboost,pitcher_id와 batter_id만 제거해 고카디널리티 ID 과적합을 완화,deployable_train_mean,drop_player_ids,"rolling splits, test feature order",catboost,drop_player_ids,catalog config,"[""fold_2024""]",[42],low,high,235.03099999995902,"{""2024"": 0.24805271024129513}",0.24805271024129513,0.24805271024129513,0.015175527961874824,0.5474649277161131,0.6892388728948182,"{""2024"": 0.007767576709146904}",,E:\LG_Aimers\automation\runs\20260811_115507_research\experiments\exp_20260811_115508_drop_player_ids_quick\result.json,evaluation completed,,quick는 baseline 대비 임계 개선 확인 후 rolling 승격
exp_20260811_131458_lgbm_compare_recent_season_weight_smoke,,a4b74653b53ae4820fced913ded44d275310fc8424aa211cd30bd9ab4fc1283b,2026-08-11T13:15:05+09:00,completed,smoke,lgbm_compare_recent_season_weight,LightGBM 동일조건 최근 시즌 2배 가중,lightgbm,재현 가능한 LightGBM rolling 기준선에서 최근 학습 시즌만 2배 가중,deployable_train_mean,lgbm_compare_recent_season_weight,"rolling splits, test feature order",lightgbm,lgbm_compare_recent_season_weight,catalog config,"[""fold_2022"", ""fold_2023"", ""fold_2024""]","[42, 2026, 3407]",low,medium,7.483999999938533,"{""2022"": 0.25553891446493937, ""2023"": 0.2511904649321929, ""2024"": 0.24927785779620323}",0.2520024123977785,0.25110385127074736,0.005871050949272982,0.53990035191882,0.6971687913673671,"{""2022"": 0.0834990613447879, ""2023"": 0.042600259537306465, ""2024"": 0.016956352749624794}",,E:\LG_Aimers\automation\runs\20260811_131452_smoke\experiments\exp_20260811_131458_lgbm_compare_recent_season_weight_smoke\result.json,smoke pipeline passed,,quick는 baseline 대비 임계 개선 확인 후 rolling 승격
exp_20260811_131516_lgbm_compare_recent_two_seasons_smoke,,7b9200c9521f143f699e4d2f233ae21ba13e4f5f685baa61bd28373f592811b7,2026-08-11T13:15:25+09:00,completed,smoke,lgbm_compare_recent_two_seasons,LightGBM 동일조건 최근 2개 시즌 학습,lightgbm,재현 가능한 LightGBM rolling 기준선에서 학습 기간만 최근 2개 시즌으로 제한,deployable_train_mean,lgbm_compare_recent_two_seasons,"rolling splits, test feature order",lightgbm,lgbm_compare_recent_two_seasons,catalog config,"[""fold_2022"", ""fold_2023"", ""fold_2024""]","[42, 2026, 3407]",low,medium,8.34299999999348,"{""2022"": 0.2559287858327203, ""2023"": 0.2498115338843866, ""2024"": 0.2506243962583091}",0.25212157199180535,0.2514414154610146,0.004534622487466056,0.5207970462463969,0.697410330697615,"{""2022"": 0.08592459029670718, ""2023"": 0.03418606111026937, ""2024"": 0.033567205059643196}",,E:\LG_Aimers\automation\runs\20260811_131511_smoke\experiments\exp_20260811_131516_lgbm_compare_recent_two_seasons_smoke\result.json,smoke pipeline passed,,quick는 baseline 대비 임계 개선 확인 후 rolling 승격
exp_20260811_131534_lgbm_compare_drop_player_ids_smoke,,29330359d6cf26f12a61201254bc2917e524a17d5630ae67aaef7a305a6f123a,2026-08-11T13:15:42+09:00,completed,smoke,lgbm_compare_drop_player_ids,LightGBM 동일조건 선수 ID 제거,lightgbm,재현 가능한 LightGBM rolling 기준선에서 pitcher_id와 batter_id만 제거,deployable_train_mean,lgbm_compare_drop_player_ids,"rolling splits, test feature order",lightgbm,lgbm_compare_drop_player_ids,catalog config,"[""fold_2022"", ""fold_2023"", ""fold_2024""]","[42, 2026, 3407]",low,medium,7.468999999924563,"{""2022"": 0.2542976749291709, ""2023"": 0.2529741524368037, ""2024"": 0.2503261556142478}",0.2525326609934075,0.2519148585239992,0.0026602448056489703,0.5118861173910446,0.6982405881866315,"{""2022"": 0.0777483790720342, ""2023"": 0.05495119337055154, ""2024"": 0.02045168123349418}",,E:\LG_Aimers\automation\runs\20260811_131529_smoke\experiments\exp_20260811_131534_lgbm_compare_drop_player_ids_smoke\result.json,smoke pipeline passed,,quick는 baseline 대비 임계 개선 확인 후 rolling 승격
exp_20260811_131555_lgbm_compare_recent_season_weight_quick,,db3289f7382bd85a618e9cf91a80c3ed82e7a3c4ecfbc040a449bd51cdb038a8,2026-08-11T13:17:15+09:00,completed,quick,lgbm_compare_recent_season_weight,LightGBM 동일조건 최근 시즌 2배 가중,lightgbm,재현 가능한 LightGBM rolling 기준선에서 최근 학습 시즌만 2배 가중,deployable_train_mean,lgbm_compare_recent_season_weight,"rolling splits, test feature order",lightgbm,lgbm_compare_recent_season_weight,catalog config,"[""fold_2024""]","[42, 2026, 3407]",low,medium,79.71799999999348,"{""2024"": 0.24829708585857402}",0.24829708585857402,0.24829708585857402,0.014205302367356731,0.5449990021814914,0.6897305111904878,"{""2024"": 0.011580446245577069}",,E:\LG_Aimers\automation\runs\20260811_131554_research\experiments\exp_20260811_131555_lgbm_compare_recent_season_weight_quick\result.json,evaluation completed,,quick는 baseline 대비 임계 개선 확인 후 rolling 승격
exp_20260811_131720_lgbm_compare_recent_two_seasons_quick,,1b36dca03a0c5c837263e0671a6561422383a3255c7aaec70754aa90ca6e77b9,2026-08-11T14:40:13+09:00,failed,quick,lgbm_compare_recent_two_seasons,LightGBM 동일조건 최근 2개 시즌 학습,lightgbm,,,,,lightgbm,,,,,low,,,,,,,,,,,E:\LG_Aimers\automation\runs\20260811_131718_research\experiments\exp_20260811_131720_lgbm_compare_recent_two_seasons_quick\error.json,,LightGBM 모델 시간 예산 초과: 3600초,
exp_20260811_144028_lgbm_compare_drop_player_ids_quick,,20c9f051897195a135def6ecdef8a4755fe5681fad1384335f03515a2e9bab55,2026-08-11T14:42:30+09:00,completed,quick,lgbm_compare_drop_player_ids,LightGBM 동일조건 선수 ID 제거,lightgbm,재현 가능한 LightGBM rolling 기준선에서 pitcher_id와 batter_id만 제거,deployable_train_mean,lgbm_compare_drop_player_ids,"rolling splits, test feature order",lightgbm,lgbm_compare_drop_player_ids,catalog config,"[""fold_2024""]","[42, 2026, 3407]",low,medium,121.93799999996554,"{""2024"": 0.24825904370480742}",0.24825904370480742,0.24825904370480742,0.014356338185356643,0.5452245287532439,0.6896539811944101,"{""2024"": 0.010257257139273163}",,E:\LG_Aimers\automation\runs\20260811_144022_research\experiments\exp_20260811_144028_lgbm_compare_drop_player_ids_quick\result.json,evaluation completed,,quick는 baseline 대비 임계 개선 확인 후 rolling 승격
exp_20260811_144342_lgbm_compare_recent_two_seasons_quick,,1b36dca03a0c5c837263e0671a6561422383a3255c7aaec70754aa90ca6e77b9,2026-08-11T14:44:27+09:00,failed,quick,lgbm_compare_recent_two_seasons,LightGBM 동일조건 최근 2개 시즌 학습,lightgbm,,,,,lightgbm,,,,,low,,,,,,,,,,,E:\LG_Aimers\automation\runs\20260811_144339_research\experiments\exp_20260811_144342_lgbm_compare_recent_two_seasons_quick\error.json,,LightGBM 학습 중 가용 메모리 하한 미달,
exp_20260811_144454_lgbm_compare_recent_season_weight_rolling,,87ba5b7f624a83b4f366a20cce3ccbefaa9843bda7847f29043e0a56af135636,2026-08-11T14:45:20+09:00,failed,rolling,lgbm_compare_recent_season_weight,LightGBM 동일조건 최근 시즌 2배 가중,lightgbm,,,,,lightgbm,,,,,low,,,,,,,,,,,E:\LG_Aimers\automation\runs\20260811_144451_research\experiments\exp_20260811_144454_lgbm_compare_recent_season_weight_rolling\error.json,,LightGBM 학습 중 가용 메모리 하한 미달,
exp_20260811_144733_lgbm_compare_recent_two_seasons_quick,,1b36dca03a0c5c837263e0671a6561422383a3255c7aaec70754aa90ca6e77b9,2026-08-11T14:49:03+09:00,completed,quick,lgbm_compare_recent_two_seasons,LightGBM 동일조건 최근 2개 시즌 학습,lightgbm,재현 가능한 LightGBM rolling 기준선에서 학습 기간만 최근 2개 시즌으로 제한,deployable_train_mean,lgbm_compare_recent_two_seasons,"rolling splits, test feature order",lightgbm,lgbm_compare_recent_two_seasons,catalog config,"[""fold_2024""]","[42, 2026, 3407]",low,medium,90.09399999992456,"{""2024"": 0.24847801300329664}",0.24847801300329664,0.24847801300329664,0.013486981331454762,0.5430140857981708,0.6900943458321813,"{""2024"": 0.013489143648043836}",,E:\LG_Aimers\automation\runs\20260811_144729_research\experiments\exp_20260811_144733_lgbm_compare_recent_two_seasons_quick\result.json,evaluation completed,,quick는 baseline 대비 임계 개선 확인 후 rolling 승격
exp_20260811_144925_lgbm_compare_recent_season_weight_rolling,,87ba5b7f624a83b4f366a20cce3ccbefaa9843bda7847f29043e0a56af135636,2026-08-11T14:50:27+09:00,failed,rolling,lgbm_compare_recent_season_weight,LightGBM 동일조건 최근 시즌 2배 가중,lightgbm,,,,,lightgbm,,,,,low,,,,,,,,,,,E:\LG_Aimers\automation\runs\20260811_144922_research\experiments\exp_20260811_144925_lgbm_compare_recent_season_weight_rolling\error.json,,LightGBM 학습 중 가용 메모리 하한 미달,
exp_20260811_145055_lgbm_compare_recent_two_seasons_rolling,,2126e71f1cd1e58c37db5f7f5b34e42976ab6a58b8660b061b698410421ff704,2026-08-11T14:52:29+09:00,failed,rolling,lgbm_compare_recent_two_seasons,LightGBM 동일조건 최근 2개 시즌 학습,lightgbm,,,,,lightgbm,,,,,low,,,,,,,,,,,E:\LG_Aimers\automation\runs\20260811_145051_research\experiments\exp_20260811_145055_lgbm_compare_recent_two_seasons_rolling\error.json,,LightGBM 학습 중 가용 메모리 하한 미달,
lightgbm_latest_weight_2_blend_20260811,,4ed5b1a18835918d40b547c6e3e877dcbfafc384f6f28c10b53d2e183376d220,2026-08-11T21:56:51+09:00,completed,rolling,lightgbm_latest_weight_2_blend,LightGBM 최신 학습 시즌 2배 가중 및 CatBoost 블렌드,lightgbm,최근 분포 적응 및 이질 모델 블렌드 검증,catboost_seed_777_20260811,latest training season sample weight 2.0,"47 features, 3 categorical, LightGBM params, seed 42, rolling splits",lightgbm,none,latest_season_weight=2.0,"[""fold_2022"", ""fold_2023"", ""fold_2024""]",42,low,medium,85.75,"{""2022"": 0.24359096539077169, ""2023"": 0.2510437827763867, ""2024"": 0.24839051374850873}",0.2476750873052224,0.24822658478532472,0.012154011300238188,,,,-0.0004753244035157478,E:\LG_Aimers\experiments\009_lightgbm_recent_weight_blend\RESULT.json,weighted LightGBM and blend rejected,"가중 LightGBM은 미가중 대비 악화; 최적 blend는 2024 regression 0.000208894",다음에는 시즌 가중치가 아닌 독립 피처 또는 calibration 가설 검토
